lat,lon,AVG(avg_bikes)
48.84791249714942,2.2843059897422795,63.529764831056085
48.851315406715976,2.2919502854347233,62.85240403289671
48.85264791461651,2.2758664190769196,62.67565018578505
48.839966914994,2.3788625746965,62.0194144682439
48.870406028483,2.323243509808,61.117078666321554
48.861411014652,2.3201214185208,58.94067689262344
48.82435782216384,2.377065159380436,58.26330756153379
48.87525984132485,2.249415814876557,57.480392085550065
48.862382970647,2.3384822532535,55.49808359942086
48.8350268238,2.3760157451034,55.157022261381705
48.828374828097,2.3842737458056,53.133648551229435
48.829654975522,2.2638675570488,52.859772544606436
48.851355779579,2.369220033288,52.147108801043295
48.864920982538,2.3025491823859,51.94478048341161
48.83328865030686,2.2441747784614567,51.85569887005953
48.859726157909,2.3258604481816,51.236177733512356
48.828595283857425,2.380220606266108,51.03605966311262
48.837695319163,2.2753742337227,50.78121966587427
48.84395729494058,2.3790882155299187,50.67013414777433
48.83212027074841,2.388618104159832,49.29064105039088
48.868899890853,2.3397543845203,48.85566235082066
48.82747252522725,2.2784319519996648,48.34773780252736
48.866887649978,2.3066755757207,48.15024109159985
48.8311602,2.3774395,48.03897399573138
48.845515089794,2.3726498446286,47.89687914195663
48.865346269363,2.3101937879648,47.78125524378621
48.840639944296655,2.2780618071556096,47.72107632669121
48.83372354344807,2.386601903271428,47.190999898756
48.84756654526,2.3025691509247,47.11863775973831
48.833122686454,2.2571459412575,46.50806178046691
48.842319830109,2.3670300096273,45.462570640918784
48.861273016278,2.3094535509142,45.35596532472577
48.8562118,2.3532536,44.83311202709149
48.833218027457846,2.2677567601203923,44.2906766598009
48.844182577315,2.3640366643667,44.183597860053645
48.85132886434057,2.277785539627075,43.73001614428559
48.876383969379,2.3353566779335,43.70954079068395
48.860680473738,2.3148481955842,43.46911673966527
48.902519074064,2.3740895837545,43.4538568137974
48.860897797941,2.295599598447,42.94415490256701
48.824945637583,2.3885661363602,42.82341590229586
48.822632,2.377738,42.26272923484767
48.837853,2.382064,41.86056714157997
48.8538327,2.3697222,41.60298070990598
48.910388180512,2.3117771744728,40.864917963754074
48.840452820991764,2.2280225157737736,40.3259215711865
48.869689856852,2.3107324540615,40.28861552693596
48.8984179,2.2791311,40.22214577202628
48.8699355331869,2.3359975218772893,40.185678194117045
48.84021670922,2.2716060653329,40.147552996538735
48.841795009027,2.3767850184816,40.11046242708171
48.85147910413369,2.296709530055523,39.62959245667625
48.850785261674964,2.2871585190296173,39.37185266316949
48.82887629664,2.3744382709265,39.18594614912277
48.82010494991975,2.3725583776831627,38.682868085568906
48.871417284355,2.3076787590981,38.42492498518834
48.869228052648,2.324421107769,38.2901992278397
48.833250690537874,2.2765403240919113,37.797827408745015
48.83780830557548,2.2408381104469304,37.707666423854434
48.92034156960326,2.3438543826341625,37.69673062793394
48.819116181578764,2.3966637253761296,37.62240732777543
48.838946417408025,2.3704235663952966,36.85908140512382
48.840658921385234,2.3537524044513702,36.70834595593723
48.90782845483013,2.307887971401215,36.68582474621155
48.845666194202,2.3741452395916,36.5137906259359
48.843372571022,2.2751328349113,36.436926343252225
48.90680713698062,2.364541214992642,36.295922019426605
48.834131261494,2.4547516554594,36.29401035077588
48.846276485475,2.2786368057132,36.241240770851995
48.851296433665276,2.325061820447445,36.20429865599239
48.843839785643,2.3704450240357,36.002987206324455
48.867458,2.3445211,35.99915952305447
48.80253358011283,2.4275037646293645,35.945033169078485
48.83047518749,2.2616135525345,35.78137484706479
48.8577967,2.3192664,35.40623542867131
48.872933,2.309796,35.35831003040887
48.85337548426,2.3828620836139,35.13842992210002
48.8256423,2.3750226,34.97163456068854
48.866143390992,2.3251800647137,34.94055710133947
48.927640283627,2.3308986340524,34.91100225918591
48.8570414504784,2.37289470306807,34.73248127128218
48.86096384533371,2.2246733296048142,34.65473861270327
48.871347597383,2.3414588347077,34.29900111136175
48.813881,2.392429,34.03857144685819
48.832308,2.38637,33.69156635435314
48.91835629408464,2.3523425683379173,33.668336541206294
48.87345073390807,2.320404499769211,33.35601157303866
48.81152481985875,2.4017931148409843,33.24325782292353
48.857202661803,2.3152771219611,33.231992238221274
48.84442462786544,2.294059172272682,32.95589514187267
48.836956046311,2.2741072252393,32.797771304894695
48.849063299501,2.3558086529374,32.75057692124994
48.896737263309504,2.310542999196392,32.422603421080375
48.81057120969284,2.3842826485633855,32.29832492029382
48.83868901709515,2.2818081825971603,32.17991735881764
48.872988840744,2.3294984212276,32.10988695281583
48.825481574435,2.409880310297,32.076453335376385
48.8733298892,2.3352625966072,31.911408009229227
48.815160030060376,2.4592879414558415,31.780119972247533
48.8950295,2.1957932,31.761102579699752
48.832586513351,2.37121138812,31.686214049194877
48.870310661422,2.3419791832566,31.39517846803538
48.82237977153955,2.4586871266365056,31.223598777045442
48.868266498223,2.3304839059711,31.151667857237893
48.8430515215905,2.295200452208519,31.103899181758372
48.830764,2.252024,30.917415829210476
48.83671783466264,2.283664085650799,30.87462954954364
48.835261,2.447974,30.871607592880416
48.83094844846017,2.37965351592796,30.786670454086227
48.847563015126106,2.433383166790009,30.615691168114925
48.91516726221354,2.357633225619793,30.53053159259464
48.84717561492764,2.307052147596786,30.508587503923653
48.764615483395254,2.4071189761161804,30.301490882545576
48.893479576183,2.2775253653526,30.13827447702714
48.929867194519,2.2836696356535,30.05592420475515
48.875674400851,2.3265598341823,30.047878259363205
48.87660163459077,2.3129771277308464,29.996216113895226
48.850440013405,2.378901366211,29.879650476573126
48.919141953558,2.3620655760169,29.859621949943996
48.846401,2.28502,29.845413439558072
48.873722412917,2.3158480972052,29.81009852131102
48.871815737396,2.3372015478451,29.772097398854932
48.839794573906,2.3826066032052,29.65192254092002
48.832294,2.3674523,29.526899622935318
48.83850740333351,2.2782871127128606,29.21161825012286
48.849269143836,2.281863167882,29.201638630174788
48.859059340842,2.3476943001151,29.121978305169407
48.8343883676388,2.2656820714473724,29.008361161958476
48.847185510023,2.3534858599305,28.979693771599962
48.855628721101,2.3256602883339,28.968067688581918
48.83637852318147,2.3723404482007027,28.852904997021692
48.83748810318667,2.365213818848133,28.69667668866899
48.837442,2.440452,28.636405485319912
48.827228120536,2.268122527474,28.542691856241774
48.81488859822486,2.4224362157778994,28.516123398415424
48.8762009747008,2.319786250591278,28.45443642817259
48.870828911558,2.3459213599563,28.13517859098525
48.874746047357135,2.3082953318953514,28.105379627004293
48.845665,2.355653,27.808740766155008
48.923306888013,2.3847292397611,27.707239455781608
48.80391487219,2.4089661620274,27.530297067744865
48.852364355271,2.3681089282036,27.51397041961128
48.87334627510507,2.337980867701675,27.498617671597685
48.852191909696,2.3740932717919,27.341791446630882
48.8351212784276,2.385534569621086,27.318459169267367
48.89883,2.37933,27.25705230994993
48.875254549053,2.3408536612988,27.203117893462725
48.836395736424,2.2784192115068,27.096481404583987
48.869517979344,2.3024262188416,27.061780444016126
48.81411442356866,2.39090770483017,26.93787534001264
48.842055041656,2.2859910875559,26.867179437861406
48.870508937204,2.3340544619393,26.86139172101721
48.906442763495,2.3584905266762,26.770057018067103
48.903281401126755,2.368072383105755,26.761675031226616
48.84797660373612,2.2966245196598805,26.238828148189498
48.874230055580306,2.325570111724113,26.2382195957182
48.83730787972,2.3740861260598,26.222495164053733
48.839061952159746,2.3499782010912895,26.19732018089947
48.827090233494964,2.2606857866048813,26.150724778445547
48.911380185786,2.3340076807601,25.990126592235796
48.856926701847,2.3096215831203,25.9816651123635
48.822556366667,2.3920395970345,25.955784069268326
48.848904447989405,2.3473486304283147,25.95256625379769
48.880987514929,2.2715748726513,25.880327451960127
48.92650488131725,2.239069678491417,25.72543529729166
48.858942986179,2.3314182047146,25.723349926547595
48.847020571652,2.3464982619671,25.649496593655236
48.8667692,2.3157655,25.636272099971443
48.86703740186721,2.336716018617153,25.598562353735257
48.824753068884,2.2588385956052,25.575545592707474
48.871139344351,2.2749781616017,25.491819320370972
48.88873214926474,2.2881576418876652,25.410235791519753
48.905303858642,2.31055945158,25.38478640040457
48.823393984057304,2.2497073194874866,25.367928308516095
48.87219,2.329423,25.044007297907424
48.866810653323,2.3343884482519,24.984654856348328
48.81477852751594,2.398074567317963,24.982682500322905
48.8652359,2.3002513,24.955561754967242
48.856502977696,2.2931787543289,24.89747844072634
48.84009622558849,2.239872515201569,24.877440146132884
48.878772242510465,2.270772233605385,24.851944658550398
48.870790980240706,2.3431010171771054,24.850221040762488
48.865574047531,2.3564198613167,24.78831031056937
48.830121559055,2.2314262390137,24.760614102888717
48.8768345,2.3329067,24.733924378218358
48.842668466104875,2.3618587106466293,24.70381202630403
48.853844054334,2.289705348222,24.685157764505412
48.871611569354755,2.345873080193996,24.627924913232313
48.834845858829,2.2479459643364,24.622871764286977
48.870103359864,2.3043501377106,24.570612612522698
48.814548138856,2.4024386957288,24.440941639059194
48.82048387758518,2.446271181106568,24.37211132297673
48.83091743371036,2.2790706530213356,24.35998545255573
48.86393331949257,2.352406270802021,24.334847852815983
48.8672190355135,2.3404625437747044,24.31511665107077
48.782427463041,2.3939734697342,24.233232574908723
48.846192642574,2.3703800886869,24.20220439720703
48.819602554907,2.4114319673051,24.153014360957282
48.896280181078,2.4581568985227,24.11207926954824
48.864053304653766,2.347587011754513,24.00509306796997
48.858835448898,2.3518279194832,23.988486391407893
48.87320440102894,2.323658830743138,23.84813502173171
48.858925,2.3789759,23.731215663506028
48.88652251096166,2.173960916697979,23.7236623451684
48.84858321339195,2.299347817897797,23.53229788939804
48.858102885107,2.3004072904587,23.526467156774004
48.865242333228,2.3516669869423,23.403896901816196
48.87745567681383,2.309694221419506,23.372770097101206
48.844835471244416,2.297508493065834,23.266859577858106
48.870893,2.353521,23.23631824421157
48.86877849178477,2.274354539176829,23.175691144943876
48.856931678257,2.3706749462105,23.051452846126228
48.92540695835961,2.3644426837563515,22.99317473466484
48.860089892617,2.344057559967,22.96232981952605
48.86302317841182,2.2687188170157406,22.700600992707013
48.825806194537,2.3819742271533,22.54368071547049
48.823549261189,2.5101865455508,22.505184766214178
48.853883541328,2.3493797332048,22.473150984760156
48.83170888166024,2.255771979689598,22.45032514502818
48.82435208303827,2.2417913004755974,22.423123016483526
48.8296843300915,2.275342586850291,22.357096071664174
48.855280175332,2.3375743255019,22.29384968735046
48.850533,2.383756,22.293629050059515
48.85345855607243,2.3772463581947094,22.27768942974886
48.791922819921815,2.395057752728462,22.274957164404352
48.876116,2.288124,22.11432967084651
48.89876016219984,2.375325746834278,22.09937984270743
48.828688,2.22499,22.077830951836255
48.84288183896324,2.222245037555695,22.02824631015811
48.89990653843488,2.321543991674844,22.016340945248455
48.85154484769,2.3146149516106,21.989267905617304
48.8478103,2.3659356,21.98336505853574
48.852828153442,2.2978776320815,21.887011435131374
48.95756799268,2.2834496977978,21.86878225223053
48.872420063053,2.3483952362828,21.81109057106584
48.884933177666,2.2484488785267,21.797055088961518
48.87866794788021,2.2420343756675725,21.7684130772083
48.914920058264,2.4172238067445,21.746285347899043
48.87352990026496,2.303444892168045,21.665311644472663
48.86617395079137,2.3449775576591496,21.57692335989375
48.860273568996,2.3412468419093,21.573819629252338
48.849686566191,2.3434996604919,21.53283455561302
48.851751374458864,2.338161695134053,21.417099262331416
48.852060203583,2.3017993569374,21.394502678667987
48.90755810177,2.4689837335263,21.37091890492006
48.89819702263572,2.293848017974069,21.342825644912878
48.87836138361425,2.305254448220567,21.317575777515263
48.864917233434,2.2926748171449,21.2426512696911
48.84487893836502,2.2905756533145905,21.20107635596313
48.84576261454011,2.2369650006294255,21.14185870676984
48.84243457133779,2.2921819612383847,21.135127370196322
48.8354337,2.4077132,21.113943434531794
48.831240105856,2.3989107459784,21.11194971133569
48.85034821320644,2.273029983043671,21.099715909178297
48.874999954666755,2.3522757401923404,21.048619239039315
48.86362695901683,2.342623919248581,20.780593525244473
48.850908146398,2.342130728066,20.77747789077482
48.847208456061,2.3861273378134,20.761896579693932
48.881742142181,2.2710045335353,20.76111665886197
48.85242200848887,2.380632497370243,20.671347698596186
48.87046,2.30104,20.65886114030161
48.874750203957,2.301771435326,20.481866862326722
48.8429,2.38474,20.465621146721
48.872699639621,2.3001953959465,20.462596923459042
48.821410564722,2.2555950104387,20.42363645050483
48.86364636851945,2.33409583568573,20.378135455917747
48.8623615,2.3595041,20.371521125147183
48.84693552991762,2.3770876228809357,20.366044053596603
48.829575,2.369126,20.35589730366901
48.926182814311,2.3912295762525,20.33817238108983
48.91105960199651,2.3676301538944244,20.269932787899172
48.826885843069796,2.2723413258790965,20.246695766058245
48.819211549234495,2.254007756710053,20.153487968601198
48.850310432924466,2.345015835298588,20.146330678612607
48.87590240712654,2.322616316378116,20.117478565609563
48.84993035512154,2.294612042605877,20.09620099447421
48.877753,2.327339,20.092964484650015
48.933548439566,2.3064726536317,20.073189614524594
48.8542210666207,2.319614924490452,20.021864901564417
48.836191728066666,2.2811267160086417,20.00712983802475
48.851904891406384,2.347842156887055,19.995363477377136
48.832846814471,2.3711421713233,19.969731333918364
48.84954227788459,2.337939441204071,19.928504290462513
48.86785342111862,2.349364310503006,19.881349245403424
48.876693805756986,2.3305362090468407,19.8412236956357
48.863490871724466,2.3400671035051346,19.818841826979714
48.873267137583,2.3407534480528,19.805926245256458
48.87243,2.33359,19.805584478300755
48.8712148,2.2937349,19.800671516197475
48.844867319554,2.3825789350545,19.696272012508413
48.891999360256904,2.284262739121914,19.67342711474585
48.875065791004396,2.3316738009452824,19.658988584689432
48.86210505412563,2.3649600148200993,19.63727865367345
48.87428447542072,2.332976511564311,19.61410215742165
48.832934193699835,2.402636749399156,19.510932900186624
48.82124248401006,2.2511002421379094,19.50704203768316
48.851358329771806,2.383823134795429,19.479616566537462
48.857346707443,2.3539767041802,19.474169372569214
48.824792734266,2.2651904328524,19.473197631962346
48.83495885166784,2.2416803240776066,19.418321253898927
48.847051143113745,2.2953405976295476,19.410690925624145
48.905452421305,2.3220406472683,19.37236635003415
48.823933787309,2.2606918215752,19.298490219408738
48.891834448210986,2.300144659954865,19.282398600827904
48.837809408957,2.2281519323587,19.27592266147516
48.79628807093802,2.417212128639221,19.23967185514829
48.8660354,2.3420333,19.236393164698963
48.848225572724,2.3502873256803,19.160766069880456
48.870797375639214,2.2277003154158592,19.129128042628192
48.82753962462998,2.2416052222251897,19.127480549481962
48.82714055843935,2.234234511852265,19.117160175134373
48.855949910497,2.3563823103905,19.076244798301026
48.87287120589831,2.3542150855064397,19.053164061141096
48.89826887103676,2.2849336266517644,19.048763383421903
48.866483514509,2.3344334212238,19.025312326006308
48.88115023337061,2.480436824262142,18.99004158738986
48.834848452929,2.3668264996271,18.986731189039585
48.838311,2.234077,18.942029678501182
48.867433724231,2.3536357283592,18.936638505023026
48.850571,2.3471015,18.917787464029573
48.834001935501,2.3703888058662,18.90429676768753
48.838662757066,2.2525164484978,18.847525367968633
48.84682410855,2.3669364675879,18.739957267506597
48.84107178161383,2.355475388467312,18.733738026745733
48.8626302,2.3498075,18.726648904867332
48.873409276267,2.2977904602885,18.714143124620264
48.8453579,2.3965022,18.70299498151326
48.868997,2.346925,18.696372836867177
48.89790972494496,2.2383723043644914,18.68735768756342
48.85293603169479,2.280449643731117,18.666418071564664
48.84930687084088,2.417949736118317,18.57982198375204
48.89859661942376,2.3689722642302513,18.51720818076246
48.9155156,2.3814103,18.44717164947605
48.856691550115315,2.306646779179573,18.35707916507416
48.843734468779,2.3334283818759,18.34809253380424
48.87393521240818,2.3064258322119713,18.326303831267328
48.88494728765838,2.2677031159400944,18.233202818635146
48.876733496638,2.2834577411413,18.22401266994229
48.837135900263,2.3515201359987,18.223345684625478
48.8547194,2.2952168,18.21747640886468
48.857315824799,2.221091687679291,18.119686109925127
48.813810628405,2.5096759200096,18.086539586174474
48.790147809608,2.4328628182411,18.053177040881835
48.84264375274712,2.3445946723222733,17.957937283480764
48.87514373494672,2.338118505144376,17.907712032336505
48.8094458,2.3903009,17.857632873643652
48.874422773426545,2.3284685611724854,17.840043365717506
48.886591074488,2.2613945603371,17.839253095037314
48.867872484749,2.3648982158072,17.83400812176439
48.894222687781,2.3125872006816,17.690422573255145
48.868834023334,2.2986030816809,17.67177994749604
48.928253687082,2.3681719727966,17.66730877910607
48.785205,2.302526,17.66484150565668
48.831448892608314,2.2412404417991643,17.633827280039192
48.8490535919234,2.325317971408367,17.58617821023868
48.909423010092326,2.3584435880184174,17.548236770842518
48.820881336842,2.2367222622987,17.517656288058284
48.8482070397636,2.2898658737540245,17.507039721286795
48.863443132848,2.3348781846405,17.502626624001074
48.869789,2.326347,17.48896941204446
48.848280403628806,2.2373420120857195,17.467196007873987
48.85375581057431,2.3390958085656166,17.44038536230221
48.852731305488,2.3440927639604,17.434501500045037
48.85545136013941,2.3334722220897675,17.433436279408767
48.874777677621296,2.326515804784655,17.430368698047733
48.822698842979,2.2686498274964,17.385568366226092
48.802936,2.42531,17.370552644205713
48.84524763511433,2.2569015249609947,17.353525955813346
48.876356,2.264205,17.351520073838813
48.863795909662,2.3425736278296,17.331885008274842
48.864773553495,2.3294493936128,17.26953520904562
48.858651709526,2.3037165802346,17.260447049876706
48.8580378,2.3679352,17.25738381379492
48.829107826857,2.4583535268903,17.208326081357622
48.890566275506,2.2950777411461,17.198494654425396
48.8601346,2.3611206,17.146161357234295
48.946504,2.2496396,17.12531738818211
48.83750862621299,2.2577651962637906,17.1130639009332
48.832681,2.250257,17.07262439571616
48.85507930579506,2.3733686318721463,17.038716806793154
48.87034,2.30082,17.025292202171844
48.867643242297,2.3333894088864,17.0175474177122
48.888796556487,2.3925811931922,17.016400117378346
48.77850332486751,2.4006786569952965,16.978853104602443
48.87614039826388,2.301303138307601,16.88565412793033
48.832474421632,2.490257616467,16.841975945482968
48.89679827481989,2.2984680533409123,16.832854576534274
48.80896378683884,2.4345204234123234,16.814585984345488
48.90636459217474,2.2835066914558415,16.63736475257291
48.78913702405837,2.4284800887107854,16.619702159295063
48.82941,2.375934,16.596789607712747
48.827817291597846,2.3705490678548813,16.49784008468743
48.805131376899986,2.388489693403244,16.488827374597896
48.86557114282421,2.330567417577153,16.460128754289794
48.8338064,2.4132221,16.450481389865033
48.927567032796,2.2947337017374,16.404100881213324
48.8568363,2.4780236,16.263943975844732
48.8443415,2.2773844,16.208708258392925
48.79592939432515,2.4261841177940373,16.206453829207728
48.820507,2.351342,16.14784245693784
48.856451985396,2.3348518833518,16.146077742622836
48.787482746521306,2.3976725712418556,16.10862709467679
48.903653634661,2.3059353232384,16.101591366451245
48.914938,2.330665,16.072282549368904
48.878021154637,2.2842371277102,15.974998999864157
48.847385404956,2.3268555477262,15.958453007802094
48.83219045374266,2.2340199351310734,15.85341668166623
48.855258115391,2.3473754525185,15.798553894262568
48.8043072,2.4437362,15.697964226202144
48.852886173881,2.3426544293761,15.664850292666655
48.87991924860035,2.2763770446181297,15.648626280011785
48.85941800703,2.3559471219778,15.628003943139872
48.871446353921,2.3382901058508,15.581428875095945
48.861419,2.352581,15.557336153527523
48.90812110228388,2.378623187541962,15.520723177002962
48.8550222,2.3612322,15.449651822322057
48.861342760889,2.3400047421455,15.44747892564453
48.823194,2.404179,15.44178459332585
48.888559314669514,2.2642001509666447,15.388610392902555
48.91118557052621,2.379864752692811,15.352395824855668
48.907134414988,2.3960057280531,15.305874865388727
48.86450567259199,2.3461959511041637,15.168503443598187
48.872755334614,2.2915497802487,15.060820935448804
48.8415473058801,2.233161628246308,15.013337304963848
48.863925158727,2.3356226831675,15.005971490027715
48.80476007936134,2.4180373930262093,14.997284797464479
48.853729675265,2.3300181032703,14.935556280323311
48.843827994315,2.3225811123848,14.926438813337787
48.843277330035214,2.30230766886348,14.922095122397765
48.8103438,2.3003776,14.900585001508572
48.860934,2.375841,14.880744515452005
48.8324305,2.2292812,14.858673358186419
48.860448992575,2.3460162431002,14.849872232052828
48.882976576876565,2.260125767248034,14.844208053477669
48.8795079,2.3145456,14.830095779192956
48.86446178139141,2.361762821674347,14.797348831635912
48.853754486938,2.3044242337346,14.74025996682722
48.819428333369,2.3433353751898,14.738428102637714
48.874510616163,2.2994716674148,14.735317507343886
48.89034054052266,2.2920683026313786,14.706434954558032
48.84884147189881,2.426325418925233,14.70140512226913
48.78599652305309,2.329955510795116,14.691401019370145
48.938882272105,2.3566243797541,14.667772963433261
48.88287775178599,2.287667370814871,14.615612357913609
48.852639866625,2.3607301712036,14.515951336672105
48.89738369720229,2.3959985375404362,14.506586419338568
48.8466127,2.3325478,14.506075352078264
48.914304862261,2.2289156913757,14.501008346320285
48.857615678565,2.3358313530377,14.478894840129243
48.856433706943704,2.379020587761426,14.44266958514556
48.90245471981591,2.3128929734230046,14.42634912847944
48.907735489085,2.3407192814591,14.30625763422622
48.9312676,2.2603778,14.241670003891347
48.90617751921,2.4391458057475,14.236603371706742
48.9018492,2.3172724,14.231267113735983
48.7799259211605,2.281828634440899,14.174637693163763
48.869113,2.332515,14.160264487970993
48.850188262662,2.3275961726904,14.140480441252324
48.848175129981,2.3763584494312,14.138758109436033
48.84351378799,2.3065522313118,14.13314321158209
48.873781940593325,2.344513876337893,14.09807104390011
48.858462881661,2.4147954583168,14.076812195003331
48.88758225888669,2.2783890366554265,14.02545930698014
48.845847561366,2.3017574474216,14.016040842530106
48.835583838706,2.2325500845909,13.987837141296673
48.894155633419,2.3143893107772,13.977397757191957
48.862408335967,2.3113624379039,13.952412541144412
48.892648526839,2.2136941552162,13.935976610913153
48.858256413365815,2.35821794718504,13.935405379622287
48.858297001218,2.3237934708595,13.922237976473609
48.83767682233156,2.295586926020252,13.919713563166793
48.89432034553156,2.432552274419542,13.881712471314318
48.8661116315789,2.3507790675507594,13.84758824911501
48.8529945,2.4247387,13.841278439333479
48.896620592993,2.252313240191,13.789860768403777
48.915096534520316,2.375951372087002,13.776782379097122
48.8471116,2.3956204,13.70731634110348
48.940931521020836,2.363948999931771,13.639632669876384
48.857058739111,2.3417982839439,13.594919536910046
48.868230999759,2.3438260338876,13.58715108085269
48.84842761367387,2.265253821160005,13.528352191626754
48.833468517426,2.2858720645308,13.500025103684973
48.86860172112996,2.35570102930069,13.49882187130935
48.857992591527,2.3469167947769,13.495957617540997
48.862534941806,2.3543103039265,13.42070298308085
48.83372430280548,2.2713854536414146,13.410043453882814
48.83823094269141,2.270506024360657,13.40645770258438
48.848951441614,2.3411329463124,13.396702184895267
48.951432,2.211214,13.376602564102566
48.86297805972131,2.3414635285735126,13.36149165104062
48.836022242887,2.470833995083,13.353743622519941
48.870047123655,2.3511248454452,13.304531693827025
48.93742089281,2.3720374971659,13.2975509492723
48.90379820774301,2.3187401890754704,13.210445350032774
48.870475399387,2.3076190799475,13.208576856657825
48.824363561289,2.2131047397852,13.200507759897881
48.915817585516,2.3239533298594,13.12156870768421
48.844974,2.287283,13.092511802213984
48.8778983,2.2789591,13.079567851773447
48.82110230800372,2.378775402903557,13.044707936100423
48.876613982891,2.3397656902671,13.025363145882535
48.86132665908402,2.349419631063938,12.979767369409156
48.868288993515,2.3380893096328,12.967121822531213
48.871256519012,2.4865807592869,12.952486732176194
48.82529858840266,2.3945679143071175,12.853842727652497
48.85355351439652,2.3639122769236565,12.809310588080839
48.840219338074,2.263834191153,12.805202318279662
48.77977325745441,2.3130525648593903,12.804781885347937
48.857999643315,2.3502172809763,12.763598205881864
48.93870344444,2.2234171606307,12.739194139194138
48.86358858111446,2.3477794602513313,12.693809572730528
48.851419978983,2.3097044974566,12.66304877320098
48.85023459321703,2.3303819820284843,12.647910392464166
48.867411865714,2.2907813801148,12.536272989805862
48.7672039733195,2.4144977331161503,12.5296400168459
48.859279702476,2.3466217517853,12.485166993299792
48.844730256132,2.3419239448664,12.473677069581154
48.90310883721567,2.278892956674099,12.473064996038557
48.850458009188,2.3524542754922,12.448125543086862
48.923133952658,2.2600970417261,12.395987752570047
48.89577046284005,2.223908342421055,12.387200741403149
48.83923319241899,2.2915197908878326,12.377211649235546
48.947022436806705,2.256898172199726,12.375188610604043
48.82774555743318,2.4183654785156246,12.365529467763647
48.898969358483,2.3086513252383,12.328355916238097
48.853833463852,2.3685702681541,12.319085265729502
48.8179685,2.4199531,12.222263568756087
48.950873482371,2.2310190077797,12.216651583710407
48.83476837934194,2.284142297394666,12.215701941280209
48.903600624712865,2.465406596265139,12.184253589427316
48.91844023641836,2.3935630917549138,12.122895279657266
48.93554324248177,2.3471488058567047,12.115595465731452
48.94563430946964,2.3638297989964485,12.111205945679048
48.8436279,2.4630465,12.035874769357868
48.86502194581,2.3450684401448,12.018543361229877
48.89314451997415,2.2888818383216862,12.014182855958445
48.778916905132,2.2887361764861,11.989422620145234
48.87578906564573,2.347289621829987,11.98934187964319
48.857341095470794,2.2644165538827115,11.985389650134492
48.846043490118454,2.313245013356209,11.887649751242282
48.860134890542,2.3500636965036,11.831405188224409
48.8555508,2.3752778,11.794742419056952
48.82189236575831,2.413003742694855,11.771023341815626
48.82233088973263,2.298571803412886,11.72086345172941
48.867211201859,2.3635464370545,11.701797228620446
48.81031545,2.34395871,11.683476143931118
48.823767792468,2.2723111510277,11.613199060158015
48.84501507626,2.3394941166043,11.589431582096584
48.8949922,2.4253764,11.57805037655504
48.83842553348809,2.493693307042122,11.443759181474896
48.839504424583,2.3609894170229,11.435288330877755
48.84571672113014,2.4272462725639348,11.418494346617205
48.852297362582,2.3414132371545,11.394357506465944
48.857421708072074,2.437578141689301,11.386040436463823
48.846128877747,2.3242672160268,11.37575440557123
48.84922568052601,2.4218603968620305,11.319190013206478
48.90390751882016,2.3830059170722966,11.302904851362273
48.892663,2.172411,11.282784179579464
48.852233164303,2.3266580700874,11.259109792079274
48.85742876694898,2.4323049187660217,11.248578628905722
48.850881230919,2.3012199997902,11.24808402830969
48.87077436024,2.3496496368327,11.186810583303215
48.875315630653,2.3229019716382,11.186309795529978
48.878194,2.181724,11.168514225417896
48.875601632672,2.3435704037547,11.161648454310221
48.85165625855281,2.335500307381153,11.145280119931499
48.790114,2.4025777,11.11618977371513
48.782414428747316,2.3166695237159733,11.090521976754703
48.868397,2.3678933,11.052203225509063
48.8488408,2.3973043,11.04622613635799
48.80889533774377,2.5382421165704727,11.031894934333959
48.8377016,2.3604946,10.99181032975653
48.874836457837,2.2971323132515,10.978676772496213
48.84158856925782,2.348489575088024,10.970073582223826
48.778192750803,2.3963020229163,10.94364852723994
48.84572797384512,2.4236011505126953,10.916892281428812
48.849268481958,2.3704585433006,10.883657391196685
48.868144510482075,2.296149600985935,10.883525002568755
48.8155839183714,2.3505029082298283,10.868766170929506
48.855296898603285,2.339947307565249,10.85826483939326
48.87397217237368,2.348388757504776,10.85024409612074
48.89835196548483,2.386150136590004,10.823515625206559
48.852915956209,2.3521957173944,10.80000089047017
48.8525288,2.4877332,10.774383967993868
48.93159430558871,2.2889783978462224,10.774244330802363
48.84423193255657,2.439209537709179,10.771822641468535
48.84479928858768,2.329337755887181,10.704542591621317
48.861636880212,2.3566960206458,10.677434157271984
48.871715878697,2.2985444962978,10.656711586113895
48.799824,2.328171,10.597803217855361
48.87080942867,2.2811490076919,10.577331695774909
48.88666162207,2.2843274474144,10.485643297508547
48.855580507049,2.3684333673431,10.484112653170085
48.8418071798797,2.31951002690117,10.461044308700979
48.852575112948415,2.331552766263485,10.4162871187973
48.84240765130395,2.281037718057633,10.389436213585075
48.86181809267,2.3501381278038,10.352067956029972
48.83802015441127,2.2460845112800603,10.347161928682588
48.8479394142243,2.2608396783471107,10.331569095527097
48.838811048815,2.3896577954292,10.321787465770383
48.851518815017,2.3436703160405,10.29273726749271
48.878618556803,2.3248164693922,10.2624486535091
48.893923963057865,2.39790290594101,10.243681687637595
48.8258020742942,2.2487989068031315,10.236806067495724
48.910482,2.297998,10.135617499195822
48.8512971,2.3624535,10.08747829122391
48.853305277595,2.3344654618827,10.06958619285114
48.847460641142,2.3126140236855,10.0632996887504
48.866830968942,2.3654810339212,10.050251434587905
48.832324016657,2.2875617349045,10.029786843006365
48.91206062860357,2.295897423568745,10.025172322624352
48.89484799296163,2.4188338592648506,10.016172247090175
48.87815529789739,2.288518047864942,10.00219101819049
48.84044,2.294867,9.963791505032358
48.842726498317,2.3125657439232,9.958328116275526
48.846102400979,2.3412207886577,9.892458009572643
48.793855,2.336637,9.849405493399631
48.897715198403,2.357895075822,9.819498329003284
48.790379518724265,2.3895226791501045,9.817074568259345
48.91585580539625,2.2948095202445984,9.803819924348714
48.855692253233,2.3579058051109,9.770985929108434
48.89659571178903,2.384599149227142,9.766082240940888
48.848191348584,2.341831654854,9.765021582326428
48.875448033960744,2.315508019010038,9.706668881069648
48.847648620797,2.3902582749724,9.69569841632155
48.85230729014318,2.415605485439301,9.671937635978743
48.828753141436465,2.245911467014621,9.662873886717547
48.837925263898,2.3225428909063,9.642910340444677
48.864660627935,2.3692265531829,9.618130229188527
48.86223916006812,2.4435862898826604,9.562120795103567
48.91039875761846,2.3851355910301213,9.548241633279032
48.861142162761,2.3677996181077,9.518421183858974
48.875481,2.232443,9.510027030885636
48.852804604940296,2.293077029857222,9.49998125913959
48.84969649427,2.3529685288668,9.488063447754946
48.84512772828,2.3454568170362,9.477206006282838
48.867141720746,2.3483933508396,9.41832875100029
48.8322649,2.2380413,9.418248393314299
48.90661553626751,2.389432489871979,9.416611110063288
48.894036161302104,2.2666339203715324,9.38720830976251
48.8816985773914,2.2836575657129288,9.362571518348712
48.85135,2.412021,9.360506395325705
48.8573314,2.351458,9.352929815699902
48.87530570765423,2.2558460757136345,9.351716719742829
48.90999330025577,2.288238108158112,9.275696713390372
48.892777719023975,2.3270335793495183,9.25180866102591
48.80108159069614,2.402097210288048,9.24155486355275
48.8633762,2.3711327,9.227637920199923
48.869601642433,2.3542908579111,9.223868068768656
48.894104140316,2.3729460884673,9.211146843771983
48.885263,2.298286,9.163921036142133
48.908168131015,2.4530601033354,9.14520377319897
48.86131452758348,2.440614402294159,9.123380839066165
48.89611762451474,2.31790903955698,9.098275155454912
48.868976638826,2.3623438552022,9.087730387944548
48.877127316667654,2.322417162358761,9.06847302478529
48.890404028589806,2.270106375217438,9.035325671360887
48.81217465201,2.3035024699104,9.029054686831385
48.84630274151258,2.4207553267478947,8.981586495791102
48.8437035476636,2.354651279747486,8.940164047868723
48.871839,2.222505,8.937078819783173
48.8578329,2.3622643,8.936182953349723
48.78740167690531,2.2278830409049992,8.925608417209862
48.83548071896613,2.348572461702221,8.83885753130948
48.86106902949534,2.2730283066630363,8.788395995788337
48.877932,2.318264,8.783806662250875
48.862654215631,2.3670325062844,8.73642039808338
48.874330377560476,2.3621229082345963,8.727334975638541
48.824407,2.418455,8.711331267509573
48.8888,2.296319,8.681322665986276
48.88260431301364,2.2773634269833565,8.679792937109688
48.8978712500682,2.333521842956543,8.663217732206501
48.9220937,2.2718348,8.650047625029787
48.841249336041,2.2883866008495,8.563065530957045
48.88022154052015,2.2854680567979813,8.54326386686921
48.898800717199,2.3524022474885,8.533623257531511
48.81168551728,2.2111820107205,8.518881118881119
48.8468428626593,2.452062070369721,8.50895150033294
48.843949064031825,2.415081394834419,8.500420114796306
48.87521088779225,2.2842781618237495,8.48933614824637
48.8202823,2.473775,8.480179827881678
48.85258670812,2.2629252456151954,8.461964677823131
48.909752,2.239145,8.460265307616384
48.864459134684644,2.4161778017878532,8.442090969601976
48.8978765,2.3230632,8.432117698049948
48.841487851079,2.3233232282801,8.429806792846211
48.8726877314,2.376461327076,8.428034124577552
48.8731167,2.3593052,8.387450311033849
48.7985844,2.3821302,8.378860989745228
48.86413226532,2.239905372262,8.372790000476458
48.898708366365064,2.3295360803604126,8.339276053243168
48.925901818305,2.2741496502338,8.335549846268444
48.84354203133597,2.418427169322968,8.31070829682111
48.853147816545,2.3263905197382,8.296768013466549
48.89925982394349,2.3042294383049016,8.288239459277804
48.905741911394,2.3316044208059,8.283844274513598
48.846171461187,2.3793068155646,8.28214255374689
48.841508690388835,2.350066713988781,8.271458194158921
48.898748039775,2.3645754531026,8.247283078829666
48.892120821173975,2.309234105050564,8.233165234896653
48.85165383178419,2.3308077827095985,8.230859732098454
48.83544491617421,2.431421081436563,8.226623828085529
48.83681733526843,2.3312794080411474,8.202898129099717
48.865709343796,2.3652737250724,8.173508312634029
48.84949749106274,2.4750164151191716,8.168755762752877
48.852919679957296,2.410522909779111,8.15732822403437
48.831151602964,2.343822196126,8.142580427832275
48.83796366147599,2.2877392172813416,8.132672300957136
48.823450589614,2.4965062363218,8.105186207960175
48.902616,2.397814,8.104100801315921
48.820482438381,2.3668321967125,8.098438937172853
48.885927922355044,2.2933450341224675,8.090692793522722
48.90165072551549,2.4017545580863957,8.07801760873143
48.8813072,2.294846,8.071179283615571
48.848563233059,2.3204218259346,8.064936801604246
48.89594736851349,2.381133802246315,8.054928517932288
48.829522989420596,2.343570403754711,8.051253578694771
48.8798926,2.2587671,7.946135976417612
48.862147844548,2.3772348091006,7.941779098622027
48.8932644350857,2.4126765131950383,7.928310468167566
48.84461063309956,2.317914068698883,7.88836468515351
48.858688774062955,2.383553994571467,7.876990047794061
48.86216198070008,2.41112578185621,7.868928019447297
48.93009363207303,2.3564037680625916,7.810993921765694
48.813736445585235,2.3069277405738835,7.790486430652413
48.788093281931,2.2909234046643,7.782607636266173
48.915885074177,2.2682306702811,7.777432901205093
48.89110239200789,2.402843534946442,7.768404608896628
48.89717672825043,2.3745173960924144,7.738119918437811
48.848274111398,2.3292413726449,7.735795130250556
48.910423437526,2.3995766043663,7.7274340270914825
48.90263867304635,2.348248063431511,7.7111874978345725
48.883498,2.282015,7.7072093018796775
48.88655580065981,2.288640439510346,7.685840344276689
48.83787825992554,2.4044052511453633,7.669638650756164
48.91301722799713,2.2734212270774417,7.650438465061736
48.8184945213025,2.3744174838066106,7.616758112249172
48.919898633572764,2.31458459136273,7.614095895021167
48.8462904,2.3521495,7.600837883488177
48.853899645527,2.3569472506642,7.4928431516954905
48.863354122371,2.2864209115505,7.491937252506896
48.865804276686,2.3693370749669,7.480868076850907
48.86795222470859,2.28146318346262,7.480186951457184
48.86164273878,2.3727491497993,7.461069238665909
48.858158956779,2.3647149920992,7.443079566284253
48.870948218595,2.3612049221992,7.3670762667614005
48.86926,2.289918,7.355336557707471
48.89260159189023,2.3790915682911873,7.350770672968279
48.84986918764119,2.268257387525699,7.317626491642748
48.84245,2.23989,7.293749429455801
48.848364667777,2.3997623859813,7.290547440744343
48.8600265,2.3710541,7.290015051361005
48.8963765,2.3743692,7.2300227808138935
48.871624306962985,2.3639265082738348,7.193284476478329
48.84342376221923,2.3376645147800446,7.188723067359255
48.85097433194,2.3563072085381,7.163237993090315
48.900504,2.261173,7.144650030259271
48.899641123987095,2.344321422278881,7.119219396527641
48.881077914129,2.3095492646098,7.082523444180108
48.84708159081946,2.321374788880348,7.079832105286068
48.881973298352,2.301132157445,7.016197266117015
48.89206174403158,2.4091735482215886,7.0143996431240545
48.877532084130166,2.294512536052928,7.012083823256726
48.85511009293948,2.4930700287222862,6.98515137892378
48.81580226360801,2.376804985105991,6.942071043433751
48.905658361454,2.2345951981176,6.883794147263886
48.85853523359734,2.4273508787155156,6.880976003320724
48.8667175,2.3692541,6.876782607886554
48.831481874467,2.3567550292319,6.846700219431373
48.80257200481316,2.3786691203713417,6.839017628370588
48.842741502832,2.3350211977959,6.813466002745893
48.841739161231,2.3315522167367,6.809756009425234
48.86632723374305,2.3711163550615306,6.8011561882938265
48.77093586667601,2.4034014344215398,6.794231291125902
48.821768747596,2.3688706755638,6.785047581606643
48.88364782887555,2.2952447086572647,6.783075505950891
48.843252536286684,2.245987951755524,6.777995185136742
48.806518992199,2.3368880152702,6.744631538858588
48.86446597201,2.3660597205162,6.735661575581824
48.898965361341254,2.29627937078476,6.7084377525197985
48.84970399548416,2.364460788667202,6.69998725898518
48.849259262115,2.3917546141943,6.67682644907366
48.83940266673835,2.32971478253603,6.671719590604322
48.870702423554306,2.358739863900845,6.656398660844314
48.8255961335041,2.350204177200794,6.622966098736833
48.815071719544434,2.4121668934822087,6.585344246565347
48.84132050184004,2.30808901725357,6.564108316431584
48.841923663276546,2.389728979467376,6.553247599345435
48.87030612437,2.2850745414202,6.53268430658233
48.94342014002797,2.2487476095557213,6.526373625822362
48.85772148887421,2.2549109905958176,6.51892756395838
48.842647778701,2.3861649278137,6.498026670351241
48.878113787876,2.32956021945824,6.471859297293138
48.867937,2.377885,6.447127581511309
48.93626891059109,2.3588666820200914,6.432280046719165
48.85286124871689,2.268483570651513,6.418183930900843
48.83252708397293,2.362354410392119,6.402156896064901
48.854898095789295,2.4186685681343083,6.362503372857257
48.879406604954,2.3034455627202988,6.352421212048851
48.826764665199,2.3650860786438,6.334100266565351
48.878370277021,2.440523876268,6.330369992518535
48.85493692155721,2.436049282550812,6.3250424690366325
48.89905109950848,2.3365534096956253,6.3188910887995355
48.83959442800459,2.3010657727718353,6.297585792097692
48.841486,2.430793,6.292813796900665
48.878438631226516,2.297727763652802,6.2902774917931
48.90098953630053,2.3887022584676743,6.264151012157142
48.844291,2.3896481,6.227976549737821
48.90717373809284,2.2695400938391685,6.209223979265157
48.896212845581346,2.4094578623771667,6.176579084534884
48.82245594764965,2.347382729482953,6.170066233624805
48.836919119234,2.3916775206425,6.16922901078243
48.85965138131299,2.436705082654953,6.156657327246657
48.888912037698766,2.195632159709931,6.1552577132168915
48.902449900418745,2.3304807533425724,6.148938374299148
48.90271566255436,2.3933270573616032,6.138849856515706
48.8795431,2.3264628,6.11750046110822
48.88125253846116,2.31653843075037,6.093812073875379
48.936093926526,2.3436167797955,6.090524196423209
48.807671407991,2.2407217696309,6.088117464269749
48.854284379935,2.3847674578428,6.0863991543514535
48.852888670365,2.3891476408096,6.0741360878994985
48.91864865955558,2.2814112156629562,6.037054165882272
48.889199725577,2.3950181901455,6.015588645841273
48.8374688,2.401765,5.991022658404303
48.91502382370325,2.4035281687974925,5.990514491711456
48.81990914045756,2.3592948541045193,5.983928753977286
48.8176962416867,2.3076123744249344,5.97345991425237
48.8563358,2.3829901,5.972933569331823
48.8218104687602,2.205879874527455,5.971518624967567
48.815783497876815,2.383259721100331,5.925881766652681
48.84097491091973,2.264390252530575,5.91209933997132
48.894799816683985,2.318705212173216,5.89685773532191
48.828543456283,2.3583075090494,5.892961524498502
48.8340107632249,2.289516180753708,5.867254011167457
48.863287291502,2.3869940266013,5.839938058527827
48.90663823468682,2.24679596722126,5.812961846242484
48.858001906023354,2.381797702650783,5.786984770294674
48.850500564921,2.3890856287864,5.782498087896792
48.89465,2.381868,5.780453112604813
48.8192404685572,2.2295309230685234,5.754602857193269
48.873341356228,2.4133544409574,5.754462715731244
48.87137406080164,2.2887128591537476,5.753769453618104
48.87555620763429,2.1655967831611638,5.7507586162941156
48.883769733273496,2.29858466343129,5.743875897011894
48.91844993053703,2.3727085813879967,5.726561783890235
48.831908520394,2.3546943448098,5.706539823979505
48.89035817610495,2.3036286234855656,5.69367423646647
48.86338720692607,2.409725748002529,5.687843773403239
48.774661399959,2.3135878035462,5.686129148066268
48.91962690034779,2.2978286134199792,5.684489681154783
48.880391139734,2.1832160452221,5.669713623626328
48.87701838803332,2.3513179644942284,5.655812131824564
48.875388227727,2.3559567333359,5.652343461383683
48.866617658681,2.3830134404158,5.642081164215862
48.86787670551736,2.372705978671471,5.594657099962958
48.838634069623,2.1724102640451,5.593591131777572
48.914866710946,2.3057010525935,5.588412777241369
48.836826091766,2.3071701095578,5.559350894819017
48.86868344444473,2.3502043269474897,5.555980720432586
48.88879,2.3785,5.535208218739285
48.862923800596,2.4155035614967,5.507452337254027
48.84997403844251,2.45557576417923,5.485818053540902
48.84462585769668,2.404946386814118,5.482341359467115
48.889371092747,2.3979396821544,5.477402361403433
48.849266043601794,2.412330328844772,5.474027396229549
48.864185861455,2.3783174157143,5.469537106143251
48.82463749337136,2.3678014799952507,5.462656494233211
48.8447677,2.3110086,5.457009677041037
48.895809485802886,2.327897409164145,5.4552932572820385
48.89792240854517,2.32851451022192,5.4487312708148785
48.842885590081,2.3244281485677,5.435555400780207
48.876620377545024,2.3457641154527664,5.392470469115336
48.841160928966,2.324595451355,5.356823767476375
48.8993867,2.2506506,5.337829979878252
48.85218705621,2.3890301585197,5.334686149341568
48.819897343156676,2.3397007964124366,5.3309321186122585
48.84070239213081,2.409667745232582,5.319999001776685
48.905169868129036,2.3023840785026555,5.299716042826076
48.83481262982544,2.400927788127704,5.298589053137658
48.90390619651018,2.2946908324956894,5.28567377386519
48.8227639,2.3249313,5.274725508125472
48.906333898712234,2.2393910586833954,5.272558998785808
48.8646605,2.373162,5.265899947156194
48.8313878,2.3408563,5.264788218823483
48.88933353845543,2.3707854375243187,5.24651258272004
48.82758774190948,2.3492151126265526,5.246357879867398
48.89056394743836,2.4064831843792427,5.243648936249471
48.8222334178559,2.4215328320860863,5.223448063929495
48.878199928923124,2.2992860188665043,5.164571048284244
48.901365,2.212693,5.159864189438569
48.84014918546239,2.3044332861900334,5.132468237168002
48.897918,2.3364872,5.121624747968076
48.84749841771691,2.26848387135299,5.115430558361565
48.835147319625,2.3294411972165,5.115302272516451
48.81240466867336,2.3617091774940495,5.109417864137038
48.872089449907,2.3575825989246,5.10077825431485
48.809932980484355,2.443288456496946,5.0976246877700255
48.81040517059777,2.327060401439667,5.096464747862409
48.83659148147257,2.2930556908249855,5.089804612180178
48.839285711865735,2.438560165464878,5.056061423363655
48.812822398263286,2.3707106709480286,5.049018827611023
48.84504716661511,2.3494647851273465,5.046319866011867
48.874794994841,2.366669436985,5.027711890079713
48.843310567822,2.3265242949128,5.026741739448719
48.8927825,2.3635598,5.0151772215023875
48.838751246689455,2.4605489149689674,5.009126631746652
48.81807418981508,2.3267009854316716,4.9856046705289385
48.85716405838368,2.422847449779511,4.966192537861589
48.8417514,2.3413893,4.955276013007851
48.913179,2.257726,4.955095765209639
48.838683941628375,2.3110422492027287,4.92166421377116
48.8417762,2.2986539,4.91523672504556
48.833056477316,2.3329411447048,4.89934529183241
48.8584893,2.2839655,4.850609206282269
48.8794936,2.2915423,4.8247366816448025
48.876495350882,2.3560990020633,4.800814057592455
48.88713901475306,2.314494143994255,4.786712433206331
48.84827609706963,2.4398955702781677,4.780848166142369
48.939958667023,2.3279571813836,4.767948731435682
48.871044051984,2.3661044619878,4.756735986811329
48.84309486651855,2.2597770800669053,4.756479065331289
48.859358523593,2.3896131366845,4.72695850174513
48.88484543106364,2.358930408954621,4.719089631557226
48.881804409079656,2.2921088710427284,4.711967635568935
48.840872964793355,2.4044444784522057,4.707648969619331
48.895713,2.400571,4.6973873931111845
48.85026349463687,2.4345204234123234,4.690921623083485
48.876327,2.3585464,4.670325038341661
48.884215547037,2.3056533560157,4.643451435066428
48.835092787824,2.3534681351338,4.621409240007894
48.851617204999,2.4015135973077,4.609728810226218
48.83227829269761,2.3022570088505745,4.604696239153615
48.886248917304805,2.3774591088294987,4.598484479011102
48.88490187110713,2.3109393194317818,4.58718007048672
48.879960700846226,2.321358695626259,4.585143498308332
48.89032998912038,2.319730559929781,4.581899953190108
48.88958925894009,2.4198862910270695,4.569854239701491
48.901616564286975,2.269354350864887,4.552696755634107
48.88818698581028,2.316861143151153,4.544708639567412
48.83648798164934,2.2897250577807426,4.543439550914728
48.846918761569,2.4105220288038,4.543431071669648
48.833206330538864,2.3369108140468597,4.534427750853633
48.880423508429,2.3527636751533,4.520482149343421
48.839988788912,2.4005256685521,4.509909031956981
48.897874318180556,2.2182820737361912,4.494412582598213
48.897488,2.343996,4.494248300670311
48.887070607581215,2.304111124531457,4.491898176392694
48.91405323432864,2.412636950612068,4.489484753607843
48.863875,2.28189,4.487796806045382
48.83907826424974,2.356877340669728,4.487326707531879
48.87778639599673,2.337429821491241,4.48491281221961
48.851853488265,2.3932945355773,4.467001228479827
48.873688,2.365015,4.4616771143030425
48.85273792380526,2.429966032505036,4.454238764356044
48.8492084999386,2.32851454623001,4.428797891952022
48.86112461407359,2.381299026310444,4.3731746824140805
48.835523812041,2.3025986552238,4.372513528059587
48.826262366227,2.2001516849313,4.361837153366823
48.8644954,2.3750124,4.361458838007004
48.8906231,2.3833701,4.358414828847158
48.86286468896063,2.495676465332508,4.357368474257909
48.897307310356055,2.40079153681279,4.3471523628851925
48.892371898250424,2.205548956990242,4.33595317050952
48.86642312020962,2.285863497192411,4.324206370581039
48.84369906369085,2.410361237220498,4.317878368002384
48.8850134,2.3070717,4.302445868370698
48.88125496379482,2.373463287949562,4.287492974374218
48.868831082877,2.3809862136841,4.287248082486696
48.853246898211985,2.405871044529538,4.283020561976299
48.821475594736775,2.3026576638221745,4.268362131920524
48.847040552603,2.4160453677177,4.230702508391753
48.826103771275,2.3004549373748,4.223029033468831
48.888229075478,2.3101296275854,4.210951952474354
48.887808570529,2.3000952981763,4.1966076712581435
48.837525839067,2.3360354080796,4.188562865146613
48.840855311763,2.3875549435616,4.184938800040496
48.883474535757,2.326493114233,4.173769135688616
48.826701758539215,2.3384983465075493,4.166360255641887
48.81614048711214,2.3123561963438988,4.166014896908391
48.863825174341,2.380906377155,4.1648622128437855
48.86803439043193,2.411030612453627,4.163678033488799
48.820215229662765,2.3234144234418346,4.14916904669814
48.85780291711202,2.277500546942199,4.148110680814757
48.88242307900951,2.3090453445911407,4.144260633584869
48.882030182599,2.363561578095,4.139641026869648
48.834097274832295,2.3087677359581,4.1257150111811525
48.819828421929,2.3117361743705,4.117055230037681
48.865983,2.275725,4.0973239873196965
48.883687771522,2.328063700029,4.083232927647061
48.864273423741956,2.435784414410591,4.076274538900534
48.874575,2.356796,4.068486921238273
48.847238029966,2.4107042336225,4.05316716886984
48.875352455985,2.2964416444302,4.051808116477198
48.88320784122797,2.3308449949028507,4.045878418271765
48.88863669349711,2.3111706599593163,4.045102195782669
48.8562322730982,2.426436245441437,4.022635438703097
48.82234096593411,2.327861653302471,4.022460884506312
48.873114661405,2.3798409114805,4.018088274475063
48.87748519186726,2.3660067468881607,4.009705820763424
